{
    "Year": 2001,
    "Months": [
	{
	    "Month": 1,
	    "Title": "ene",
	    "TGP": 63.63189803,
	    "TO": 53.00875988,
	    "TD": 16.69467967,
	    "TS_Subj": 32.3250111,
	    "TS_Obj": 11.67456801
	},
	{
	    "Month": 2,
	    "Title": "feb",
	    "TGP": 63.74625923,
	    "TO": 52.71367957,
	    "TD": 17.30702286,
	    "TS_Subj": 31.45046618,
	    "TS_Obj": 11.62610862
	}
    ]
}
