name,col1,col2
Option 1,0.6835846451,0.5128101337
Option 2,0.8106648,0.4726743426
Option 3,0.5981869969,0.7381010362
Option 4,0.7629448597,0.6835116871
Option 5,0.7068446094,0.3905127723
Option 6,0.9573180515,0.4145278814
Option 7,0.5044488229,0.6773920781
Option 8,0.938060192,0.9761529925
Option 9,0.2444627336,0.7046718137